year,y_true,y_pred,model,variant
2023,1387645.9122313212,1524805.7195921133,bayesian_ridge_minimal,minimal
2024,1115253.57134845,1166671.1107908934,bayesian_ridge_minimal,minimal
