year,y_true,y_pred,model,variant
2023,2572676.311067103,2813402.3690389395,bayesian_ridge_minimal,minimal
2024,2618657.965286165,2769819.156792841,bayesian_ridge_minimal,minimal
