year,y_true,y_pred,model,variant
2023,1387645.9122313212,1517018.56379505,bayesian_ridge,full
2024,1115253.57134845,1175504.5207447778,bayesian_ridge,full
