crop,model,mae,rmse,smape,r2
maize,bayesian_ridge,124571.12329854723,130815.41202753503,4.688447502903738,-31.37491491696813
