year,y_true,y_pred,model,variant
2023,2572676.311067103,2737181.220362872,bayesian_ridge,full
2024,2618657.965286165,2703295.3025874905,bayesian_ridge,full
