crop,variant,model,mae,rmse,smape,r2
wheat,full,bayesian_ridge,113904.47354788543,145614.22392795677,5.070072943320623,-0.5940455264026974
