year,y_true,y_pred,model,variant
2023,2361378.162908265,2156758.3482326507,bayesian_ridge,full
2024,2130712.2422437654,2153901.374663922,bayesian_ridge,full
