year,y_true,y_pred,model,variant
2023,2361378.162908265,2432272.167897966,bayesian_ridge_log1p,full_log1p
2024,2130712.2422437654,2555941.2031011786,bayesian_ridge_log1p,full_log1p
