crop,variant,model,mae,rmse,smape,r2
barley,full,bayesian_ridge,94811.80048002827,100914.46842695256,7.0841371052779225,0.45099401214301826
