crop,variant,model,mae,rmse,smape,r2
barley,full_log1p,bayesian_ridge_log1p,234527.6685104723,296514.7293889299,15.472840800305027,-3.7398298440190763
