crop,model,mae,rmse,smape
maize,random_forest,0.026547432235104917,0.03153947280559189,2.0252867639511947
maize,gradient_boosting,0.037257109911056165,0.04777695053748976,2.8356763909229907
maize,ets,0.04405803048869108,0.05644277780285086,3.352667420931752
maize,ridge,0.04962211698836614,0.057857583029725684,3.8024700634382063
maize,sarima,0.06694712140547926,0.07732050881376451,5.147972148138488
