crop,model,mae,rmse,smape
wheat,gradient_boosting,0.04113807533525671,0.0494131575976777,2.5119719915708285
wheat,random_forest,0.04588194912696403,0.049863342578391784,2.805356912800042
wheat,ets,0.056517415044642416,0.06888400150537531,3.396107964430253
wheat,sarima,0.07885417541031862,0.09059373012462692,5.027873637726613
wheat,ridge,0.10687680085024719,0.12282570704778463,6.8480546998712715
