crop,model,mae,rmse,smape
barley,gradient_boosting,0.04048267504068979,0.04810483356749161,3.032030447077591
barley,ets,0.04758106506599654,0.05885357389934804,3.5427733745021963
barley,random_forest,0.04599611517545682,0.060561989515492826,3.416644915060495
barley,ridge,0.07704687353525509,0.09169647857994602,5.943678028732214
barley,sarima,0.10076732516410197,0.11723390092403334,7.909230294262638
