crop,model,mae,rmse,smape,r2
maize,ridge,0.7352012983351179,0.805592123567847,6.3012079178493945,0.20489615124064076
maize,gradient_boosting,0.7827518425122708,1.1147569087616152,6.927880656030572,-0.5224876488462822
maize,random_forest,0.919443749999989,1.235968586840375,8.236614450133981,-0.8715795828706374
maize,baseline_mean,2.662499999999999,2.811605413282596,26.61898984571304,-8.685056855162902
