crop,model,mae,rmse,smape,r2
wheat,ridge,0.10751657242047574,0.12332164944558754,3.1607841496245257,0.9006971647275196
wheat,gradient_boosting,0.23991082273379583,0.33027225988857295,7.301541550210537,0.2877586310682009
wheat,random_forest,0.3002624999999953,0.3865559164758677,8.985822307172484,0.024319447845263076
wheat,baseline_mean,0.7123529411764703,0.812771008835064,23.41866760839646,-3.3133967535277025
