crop,model,mae,rmse,smape,r2
barley,ridge,0.037681623963204625,0.04557493343249243,1.226559023866844,0.9882468549589695
barley,random_forest,0.08035000000000092,0.10019865736376381,2.6682503931905384,0.9431898659640632
barley,gradient_boosting,0.10991429757742388,0.12262807024919695,3.862133679589869,0.9149093585342086
barley,baseline_mean,0.3914705882352941,0.44907729315220724,13.479404456426721,-0.14115385613191922
